order_id,customer_id,region,category,order_date,price,quantity,discount,revenue
1,1096, north ,Office Supplies,2023-01-02,149.63,10,,735.66
2,1092,North, Furn. ,2023-01-03,,7,0,430.41
3,1642,SOUTH, Furn. ,2023-01-04,,1,5,530.82
4,1136,,Office Supplies,2023-01-05,43.74,7,,830.69
5,1595,North, Furn. ,2023-01-06,142.2,11,5,615.84
6,1696,West, Furn. ,2023-01-07,165.2,7,5,681.37
7,1184,,Furniture,2023-01-08,42.5,2,5,597.23
8,1074, north ,Electronics,2023-01-09,49.5,9,10,435.68
9,1079,SOUTH, Furn. ,2023-01-10,120.9,10,0,385.27
10,1816, north ,electronics,2023-01-11,133.29,2,15,334.2
11,1718,SOUTH,Office Supplies,2023-01-12,157.31,11,0,422.77
12,1963,North,electronics,2023-01-13,104.08,6,10,302.72
13,1253,SOUTH,electronics,2023-01-14,129.05,7,5,546.79
14,1838,South,electronics,2023-01-15,98.89,14,10,502.65
15,1154,South,Electronics,2023-01-16,92.22,3,15,-64.81
16,1288,East,Electronics,2023-01-17,117.04,3,5,473.85
17,1921,West, Furn. ,2023-01-18,89.18,7,0,689.29
18,1213,North,electronics,2023-01-19,88.44,3,5,641.5
19,1628,East,Electronics,2023-01-20,106.88,2,0,445.02
20,1372, north ,electronics,2023-01-21,105.03,2,10,425.49
21,1147,North,Electronics,2023-01-22,23.67,12,10,541.34
22,1973,South, Furn. ,2023-01-23,113.91,6,0,874.18
23,1865,SOUTH,Office Supplies,2023-01-24,112.1,9,0,487.45
24,1228,SOUTH, Furn. ,2023-01-25,149.97,13,10,798.21
25,1822,SOUTH,Furniture,2023-01-26,121.21,4,15,368.39
26,1483,East,Office Supplies,2023-01-27,114.77,4,,538.22
27,1082,East,Furniture,2023-01-28,156.7,2,10,441.24
28,1931,West,Office Supplies,2023-01-29,127.78,13,0,627.73
29,1910,West,Furniture,2023-01-30,128.97,7,5,412.88
30,1411,West,Electronics,2023-01-31,88.84,12,15,812.07
31,1671,,Furniture,2023-02-01,128.27,10,15,497.95
32,1014,North,Electronics,2023-02-02,170.83,9,5,463.88
33,1257,North,Furniture,2023-02-03,185.86,5,5,950.61
34,1931,North,Office Supplies,2023-02-04,122.67,8,5,323.0
35,1155, north , Furn. ,2023-02-05,136.78,9,5,278.66
36,1176, north ,Furniture,2023-02-06,,8,5,858.25
37,1494,East,Electronics,2023-02-07,121.55,9,0,398.52
38,1100,, Furn. ,2023-02-08,,8,0,275.88
39,1283,SOUTH,electronics,2023-02-09,124.85,9,5,59.42
40,1914, north ,Furniture,2023-02-10,37.4,14,10,565.56
41,1074,West,Furniture,2023-02-11,89.75,11,5,599.85
42,1259,South,Furniture,2023-02-12,163.58,8,10,740.86
43,1723,South,electronics,2023-02-13,153.72,9,5,440.73
44,1019,East,Office Supplies,2023-02-14,91.07,9,,589.17
45,1983, north ,Electronics,2023-02-15,110.0,2,10,311.48
46,1040,East,Furniture,2023-02-16,142.31,5,10,-18.58
47,1152,West, Furn. ,2023-02-17,148.92,9,10,147.52
48,1187,SOUTH,electronics,2023-02-18,115.36,2,,417.58
49,1270,North,Electronics,2023-02-19,134.99,8,5,509.09
50,1726,East,Furniture,2023-02-20,,2,15,457.11
51,1543,South,Furniture,2023-02-21,112.8,5,5,756.39
52,1037,East,Electronics,2023-02-22,99.65,1,10,713.49
53,1108, north ,electronics,2023-02-23,13.46,11,5,38.71
54,1235, north ,Office Supplies,2023-02-24,132.91,4,15,450.56
55,1857,West,Furniture,2023-02-25,142.78,1,5,1065.2
56,1167,West,Electronics,2023-02-26,,2,10,462.44
57,1300,SOUTH,Electronics,2023-02-27,89.54,8,5,661.62
58,1331, north ,Furniture,2023-02-28,119.64,1,10,516.92
59,1085,West,electronics,2023-03-01,107.99,5,,674.83
60,1836,East,Electronics,2023-03-02,132.58,3,,725.94
61,1599,North, Furn. ,2023-03-03,127.21,14,5,511.04
62,1333,,electronics,2023-03-04,89.52,3,15,234.72
63,1717,SOUTH, Furn. ,2023-03-05,105.62,3,15,424.1
64,1702,, Furn. ,2023-03-06,120.82,13,0,240.74
65,1136,North,Office Supplies,2023-03-07,97.98,2,0,219.43
66,1697, north ,Furniture,2023-03-08,109.22,8,,519.42
67,1538,SOUTH,Electronics,2023-03-09,107.14,12,0,520.38
68,1757,South,electronics,2023-03-10,119.81,8,5,578.67
69,1647, north ,Furniture,2023-03-11,188.12,2,0,703.74
70,1493,North,Electronics,2023-03-12,95.02,8,5,752.91
71,1528,SOUTH,Office Supplies,2023-03-13,94.71,8,10,229.12
72,1958,North,electronics,2023-03-14,131.92,1,10,-129.14
73,1214,West,Furniture,2023-03-15,156.89,2,10,609.87
74,1839, north , Furn. ,2023-03-16,146.83,5,5,689.48
75,1025,West,Furniture,2023-03-17,112.66,1,15,361.1
76,1385,East,Office Supplies,2023-03-18,105.13,2,15,314.61
77,1730,South,Electronics,2023-03-19,178.34,12,0,503.65
78,1947,East,electronics,2023-03-20,95.71,13,0,643.73
79,1958,SOUTH,Furniture,2023-03-21,135.47,4,10,527.66
80,1831,North,electronics,2023-03-22,91.93,9,15,567.93
81,1770, north ,Furniture,2023-03-23,117.88,11,15,437.45
82,1424,West,Office Supplies,2023-03-24,43.17,5,5,539.9
83,1494,East, Furn. ,2023-03-25,113.41,11,5,-45.85
84,1225, north ,electronics,2023-03-26,130.32,6,15,603.11
85,1350,South, Furn. ,2023-03-27,101.75,2,0,533.92
86,1891,SOUTH,electronics,2023-03-28,76.88,7,0,768.08
87,1284,West, Furn. ,2023-03-29,86.35,6,0,470.57
88,1277,North,Furniture,2023-03-30,70.68,7,5,493.99
89,1033,South,electronics,2023-03-31,38.14,12,0,665.57
90,1952,West, Furn. ,2023-04-01,150.74,14,0,4.81
91,1995, north ,Electronics,2023-04-02,61.93,14,5,610.24
92,1801,North,Furniture,2023-04-03,84.2,4,0,228.08
93,1651, north ,electronics,2023-04-04,173.92,12,10,574.16
94,1267,West,Furniture,2023-04-05,143.99,13,5,598.88
95,1859,SOUTH,Furniture,2023-04-06,149.59,8,10,511.13
96,1022,North,Furniture,2023-04-07,111.84,8,10,485.81
97,1232,East,electronics,2023-04-08,111.33,1,15,434.33
98,1299,, Furn. ,2023-04-09,113.44,2,0,314.02
99,1226,West,Office Supplies,2023-04-10,149.71,13,5,467.46
100,1427,West,Electronics,2023-04-11,157.89,10,5,676.87
101,1053,West,Electronics,2023-04-12,101.01,3,5,585.89
102,1337,South,Furniture,2023-04-13,178.23,3,0,252.35
103,1382,,Office Supplies,2023-04-14,81.18,8,15,465.15
104,1987, north ,Furniture,2023-04-15,148.35,7,0,502.92
105,1484,SOUTH,Furniture,2023-04-16,148.27,6,0,165.35
106,1646,North,electronics,2023-04-17,90.81,4,15,558.46
107,1822,North,Electronics,2023-04-18,121.05,5,,442.7
108,1044, north ,Office Supplies,2023-04-19,164.07,12,10,604.96
109,1609,,Electronics,2023-04-20,108.6,1,,646.8
110,1257,,electronics,2023-04-21,163.37,14,15,697.92
111,1708,,Furniture,2023-04-22,140.02,10,10,444.5
112,1202, north ,electronics,2023-04-23,145.03,13,0,329.84
113,1436,South,Electronics,2023-04-24,77.59,2,10,658.62
114,1239,South,Furniture,2023-04-25,133.61,7,15,545.4
115,1861,,Office Supplies,2023-04-26,139.87,5,0,407.6
116,1190,South,Furniture,2023-04-27,117.03,4,15,652.19
117,1251,East, Furn. ,2023-04-28,154.34,9,15,325.17
118,1486,North,Furniture,2023-04-29,138.29,14,0,228.29
119,1614,South, Furn. ,2023-04-30,69.7,4,0,791.49
120,1796,,Electronics,2023-05-01,71.24,2,10,788.49
121,1144,East,Electronics,2023-05-02,111.87,4,,320.37
122,1335,,electronics,2023-05-03,175.19,11,0,577.25
123,1561,West,electronics,2023-05-04,109.78,2,,444.47
124,1167,SOUTH,electronics,2023-05-05,134.69,12,0,216.78
125,1763,East, Furn. ,2023-05-06,171.82,6,0,478.08
126,1745,West,electronics,2023-05-07,179.32,4,5,538.96
127,1591,West,Office Supplies,2023-05-08,101.3,8,0,546.91
128,1586,North, Furn. ,2023-05-09,127.81,6,15,547.5
129,1111,North,electronics,2023-05-10,135.29,8,5,663.02
130,1322,West,Electronics,2023-05-11,136.56,10,0,151.13
131,1804,SOUTH,Furniture,2023-05-12,62.23,10,5,780.52
132,1409,North, Furn. ,2023-05-13,157.45,3,5,190.82
133,1905,North, Furn. ,2023-05-14,138.87,14,5,605.23
134,1869, north ,Office Supplies,2023-05-15,184.89,11,15,590.58
135,1448, north ,Furniture,2023-05-16,87.99,1,15,395.49
136,1838,South,electronics,2023-05-17,,14,15,237.68
137,1093,North,electronics,2023-05-18,135.94,9,0,646.8
138,1321,SOUTH, Furn. ,2023-05-19,146.83,2,,808.79
139,1973,SOUTH,Furniture,2023-05-20,,1,15,829.95
140,1906,South,electronics,2023-05-21,176.79,5,5,492.1
141,1853,North,Office Supplies,2023-05-22,138.17,10,5,439.52
142,1260,South, Furn. ,2023-05-23,160.43,8,15,857.91
143,1186,South,electronics,2023-05-24,116.64,3,0,736.75
144,1786,North, Furn. ,2023-05-25,114.5,1,10,675.48
145,1548,East,electronics,2023-05-26,74.76,12,0,813.4
146,1782,East,Electronics,2023-05-27,110.11,8,10,1107.71
147,1654,East, Furn. ,2023-05-28,54.04,11,10,166.11
148,1640, north ,electronics,2023-05-29,113.83,7,10,170.24
149,1055,North,Electronics,2023-05-30,134.76,10,0,435.06
150,1136, north ,Furniture,2023-05-31,145.82,6,10,616.5
151,1152,SOUTH,electronics,2023-06-01,101.4,2,5,516.9
152,1057,West, Furn. ,2023-06-02,,6,10,697.21
153,1063,South, Furn. ,2023-06-03,35.29,1,15,502.88
154,1672,,Furniture,2023-06-04,120.85,3,0,717.73
155,1065,,Office Supplies,2023-06-05,149.52,11,15,319.38
156,1551,SOUTH,Electronics,2023-06-06,,7,15,344.39
157,1231,South,Electronics,2023-06-07,118.82,5,15,276.32
158,1053,SOUTH,Office Supplies,2023-06-08,150.71,11,10,543.67
159,1657,East,Furniture,2023-06-09,63.22,2,10,637.86
160,1764,South,Office Supplies,2023-06-10,147.06,4,5,514.84
161,1859,West, Furn. ,2023-06-11,107.74,12,15,630.23
162,1808,SOUTH,Furniture,2023-06-12,,7,,542.17
163,1109,South, Furn. ,2023-06-13,192.38,3,,528.72
164,1649,North,Electronics,2023-06-14,126.45,12,0,796.75
165,1604,,Office Supplies,2023-06-15,,4,,579.48
166,1773,,electronics,2023-06-16,151.21,2,,118.28
167,1769,,Office Supplies,2023-06-17,122.66,8,0,550.24
168,1433,East,Office Supplies,2023-06-18,168.12,1,10,694.17
169,1987,, Furn. ,2023-06-19,129.98,9,10,473.21
170,1531,West,Electronics,2023-06-20,106.43,6,0,821.73
171,1839, north ,Office Supplies,2023-06-21,163.18,3,0,576.95
172,1356,North,electronics,2023-06-22,91.45,2,0,475.67
173,1527,,Office Supplies,2023-06-23,126.48,10,10,377.73
174,1112,South,Electronics,2023-06-24,114.88,8,15,635.95
175,1410,North,electronics,2023-06-25,99.94,12,10,167.51
176,1922,West, Furn. ,2023-06-26,126.04,9,10,470.87
177,1608, north , Furn. ,2023-06-27,169.1,11,5,468.86
178,1759,,Office Supplies,2023-06-28,,3,5,662.69
179,1658, north ,Furniture,2023-06-29,77.02,9,10,521.45
180,1334,SOUTH, Furn. ,2023-06-30,151.34,9,5,584.02
181,1104,East,Furniture,2023-07-01,141.93,11,5,819.14
182,1280,,Furniture,2023-07-02,111.21,2,5,445.96
183,1874,West,electronics,2023-07-03,147.85,12,5,468.94
184,1755,West,electronics,2023-07-04,121.25,1,10,652.75
185,1431,SOUTH,Furniture,2023-07-05,123.74,11,15,202.7
186,1442,SOUTH,Office Supplies,2023-07-06,93.91,5,5,542.98
187,1729,West,Furniture,2023-07-07,136.38,5,,509.66
188,1676, north ,Furniture,2023-07-08,155.34,11,0,652.36
189,1039,,Office Supplies,2023-07-09,87.16,9,,-41.02
190,1467, north , Furn. ,2023-07-10,126.05,4,5,275.69
191,1467, north ,Furniture,2023-07-11,175.33,11,10,318.62
192,1057,SOUTH,Office Supplies,2023-07-12,168.09,5,0,686.56
193,1715,North,Office Supplies,2023-07-13,116.8,10,,317.81
194,1983, north ,electronics,2023-07-14,137.9,8,15,1131.92
195,1657,, Furn. ,2023-07-15,99.98,12,0,539.23
196,1835,SOUTH,electronics,2023-07-16,98.12,8,10,262.24
197,1871,,Furniture,2023-07-17,70.47,5,5,594.03
198,1739,SOUTH,Office Supplies,2023-07-18,91.67,6,15,505.76
199,1675,West,Office Supplies,2023-07-19,122.37,3,15,243.43
200,1802,North,Furniture,2023-07-20,141.65,9,0,704.39
201,1671,SOUTH,Office Supplies,2023-07-21,52.85,5,0,991.2
202,1156,South,Furniture,2023-07-22,126.21,7,5,530.35
203,1651,SOUTH,Office Supplies,2023-07-23,88.16,4,0,705.57
204,1119,SOUTH, Furn. ,2023-07-24,94.43,2,0,658.7
205,1478,West,Furniture,2023-07-25,75.8,12,5,430.65
206,1576,South,electronics,2023-07-26,120.53,11,0,621.31
207,1184,West,Office Supplies,2023-07-27,86.9,11,15,800.25
208,1338,North,Electronics,2023-07-28,119.98,9,,309.66
209,1129,North,Office Supplies,2023-07-29,46.12,2,5,547.3
210,1215,,Office Supplies,2023-07-30,155.32,7,15,161.23
211,1505,,electronics,2023-07-31,110.4,6,0,454.38
212,1338,South,Furniture,2023-08-01,151.8,6,10,299.99
213,1567,,electronics,2023-08-02,68.8,9,0,701.73
214,1486,North, Furn. ,2023-08-03,119.22,13,0,855.89
215,1705, north , Furn. ,2023-08-04,138.69,11,15,680.39
216,1103,SOUTH,Furniture,2023-08-05,161.8,14,,172.6
217,1892,East,Furniture,2023-08-06,,13,0,588.73
218,1020,East,electronics,2023-08-07,102.72,10,0,114.06
219,1121,,electronics,2023-08-08,130.73,10,0,472.94
220,1788,West,electronics,2023-08-09,109.22,9,5,542.07
221,1004,West,Electronics,2023-08-10,105.12,11,0,391.09
222,1483,South,Electronics,2023-08-11,188.97,5,0,466.86
223,1792,East,Furniture,2023-08-12,122.76,12,0,824.9
224,1734,North,Electronics,2023-08-13,108.03,1,10,746.06
225,1169,West,electronics,2023-08-14,,10,0,378.95
226,1693,West,Furniture,2023-08-15,,3,15,799.88
227,1394,West,electronics,2023-08-16,184.51,5,15,832.06
228,1720,SOUTH, Furn. ,2023-08-17,93.42,6,,432.2
229,1438, north ,Furniture,2023-08-18,119.06,7,10,465.06
230,1705,East,Electronics,2023-08-19,77.16,6,15,741.14
231,1853,East,Furniture,2023-08-20,78.88,13,0,624.4
232,1547,East,Electronics,2023-08-21,139.72,9,15,494.92
233,1621,East,Electronics,2023-08-22,126.87,11,5,372.12
234,1394,,electronics,2023-08-23,99.33,9,0,59.15
235,1534,,Office Supplies,2023-08-24,140.95,8,10,177.51
236,1717,,Office Supplies,2023-08-25,127.21,6,,632.04
237,1944,North,electronics,2023-08-26,81.53,6,5,769.56
238,1611,East,Electronics,2023-08-27,92.97,6,,661.07
239,1580, north ,Furniture,2023-08-28,107.84,5,15,444.57
240,1863,East,Electronics,2023-08-29,117.05,6,5,588.82
241,1378, north ,electronics,2023-08-30,126.17,8,,575.81
242,1723,North,Electronics,2023-08-31,130.76,5,15,460.93
243,1459,South,Furniture,2023-09-01,121.6,6,15,586.27
244,1963,East,Office Supplies,2023-09-02,144.75,1,,492.63
245,1525,,electronics,2023-09-03,175.06,1,,284.95
246,1605, north ,electronics,2023-09-04,118.45,13,10,519.61
247,1388,West,Furniture,2023-09-05,86.83,8,10,535.27
248,1934,SOUTH,Furniture,2023-09-06,152.76,13,,735.63
249,1910,North,Furniture,2023-09-07,,13,5,867.49
250,1463,West,Office Supplies,2023-09-08,91.68,6,,654.13
251,1184,South,electronics,2023-09-09,78.8,9,10,339.19
252,1026,East,Office Supplies,2023-09-10,169.71,10,5,368.86
253,1924,East,electronics,2023-09-11,132.94,2,5,325.28
254,1263, north ,Furniture,2023-09-12,121.73,6,5,337.4
255,1917,South,Furniture,2023-09-13,124.06,1,5,635.23
256,1349,SOUTH, Furn. ,2023-09-14,136.65,3,5,860.95
257,1418,South,Furniture,2023-09-15,126.38,5,10,463.29
258,1201, north , Furn. ,2023-09-16,127.76,2,5,540.41
259,1627,,Furniture,2023-09-17,65.26,10,15,479.69
260,1738,SOUTH,Electronics,2023-09-18,143.51,9,,477.8
261,1488,North,Furniture,2023-09-19,84.37,14,15,937.06
262,1609,North,Electronics,2023-09-20,127.45,6,10,599.63
263,1849,North,Office Supplies,2023-09-21,148.85,13,0,406.89
264,1506,East,electronics,2023-09-22,140.55,9,0,846.13
265,1249,North,Electronics,2023-09-23,,4,5,144.18
266,1098,North,Furniture,2023-09-24,134.93,5,0,650.42
267,1359, north ,Electronics,2023-09-25,,12,15,515.83
268,1112,West,Electronics,2023-09-26,157.83,2,15,209.5
269,1473,,electronics,2023-09-27,89.54,3,5,542.76
270,1859,SOUTH, Furn. ,2023-09-28,171.49,9,,340.08
271,1371,,Office Supplies,2023-09-29,,7,0,634.43
272,1410,, Furn. ,2023-09-30,100.93,1,10,684.06
273,1647,SOUTH,Electronics,2023-10-01,151.96,6,15,740.5
274,1142,South,electronics,2023-10-02,131.86,7,0,663.62
275,1886,North, Furn. ,2023-10-03,165.73,5,0,390.67
276,1102, north ,Office Supplies,2023-10-04,84.85,2,0,302.97
277,1663,East,Furniture,2023-10-05,41.43,2,10,698.69
278,1151,North,electronics,2023-10-06,,2,10,258.38
279,1089, north , Furn. ,2023-10-07,129.06,5,15,464.39
280,1375,SOUTH,electronics,2023-10-08,145.39,9,5,309.07
281,1524,North, Furn. ,2023-10-09,148.85,7,10,506.89
282,1570,South,Office Supplies,2023-10-10,144.74,8,10,595.44
283,1564,East,Electronics,2023-10-11,100.28,10,5,539.32
284,1753, north ,Electronics,2023-10-12,122.57,9,0,335.92
285,1691,West,Furniture,2023-10-13,144.4,10,5,403.06
286,1486,SOUTH,Office Supplies,2023-10-14,147.87,13,0,779.73
287,1784,West, Furn. ,2023-10-15,57.91,10,5,512.82
288,1636,West, Furn. ,2023-10-16,117.64,2,5,595.1
289,1400,East, Furn. ,2023-10-17,97.08,9,15,471.95
290,1389,,electronics,2023-10-18,91.28,5,0,483.95
291,1090,West,Office Supplies,2023-10-19,14.13,6,5,265.09
292,1932,East,Electronics,2023-10-20,98.91,1,5,559.71
293,1942,East, Furn. ,2023-10-21,,13,15,702.25
294,1475,West,Office Supplies,2023-10-22,92.64,1,15,353.22
295,1419,North,Office Supplies,2023-10-23,69.51,9,5,891.33
296,1411,West,electronics,2023-10-24,77.63,13,15,401.77
297,1371,South,Office Supplies,2023-10-25,152.09,6,0,495.53
298,1351,SOUTH, Furn. ,2023-10-26,139.29,7,10,287.07
299,1186,West,Electronics,2023-10-27,56.32,11,5,444.57
300,1421,SOUTH,Electronics,2023-10-28,155.64,13,0,661.31
301,1015,East,Electronics,2023-10-29,,4,0,427.14
302,1147,, Furn. ,2023-10-30,129.56,4,10,351.28
303,1102, north ,Electronics,2023-10-31,85.65,3,5,505.66
304,1665, north ,Electronics,2023-11-01,103.41,11,15,174.58
305,1643,East,Electronics,2023-11-02,146.53,14,5,491.76
306,1055,South,Furniture,2023-11-03,128.94,7,10,312.3
307,1045,North,Furniture,2023-11-04,130.71,10,15,389.7
308,1908,East,electronics,2023-11-05,101.83,2,15,367.21
309,1496,West,Electronics,2023-11-06,133.09,13,5,351.78
310,1994,South,Office Supplies,2023-11-07,186.54,7,,419.08
311,1126,East,electronics,2023-11-08,137.47,14,15,439.61
312,1446,South,Electronics,2023-11-09,127.36,5,15,320.12
313,1276,South, Furn. ,2023-11-10,126.62,14,5,475.86
314,1376,,Office Supplies,2023-11-11,105.16,4,15,541.3
315,1232,East,electronics,2023-11-12,95.09,11,5,725.95
316,1376, north , Furn. ,2023-11-13,107.41,4,10,714.97
317,1093,, Furn. ,2023-11-14,92.53,14,5,501.29
318,1318,North,Electronics,2023-11-15,67.32,7,15,357.83
319,1069,East, Furn. ,2023-11-16,82.11,6,5,659.26
320,1295,North,Furniture,2023-11-17,188.27,14,5,483.24
321,1903,,Furniture,2023-11-18,105.27,5,15,790.41
322,1473,West,Furniture,2023-11-19,87.26,14,10,808.06
323,1623,South,Furniture,2023-11-20,128.63,12,0,459.04
324,1389,West,Electronics,2023-11-21,146.88,9,5,554.46
325,1733, north , Furn. ,2023-11-22,148.17,5,5,638.52
326,1671,North,Office Supplies,2023-11-23,81.52,1,10,759.2
327,1326,South,Furniture,2023-11-24,158.43,13,0,476.91
328,1765,West, Furn. ,2023-11-25,111.26,14,0,431.85
329,1515,West,electronics,2023-11-26,87.08,9,10,329.33
330,1524,SOUTH,Furniture,2023-11-27,,8,15,564.42
331,1559,South,Furniture,2023-11-28,172.48,13,10,584.45
332,1355,East,electronics,2023-11-29,94.47,2,,458.68
333,1722,South,Furniture,2023-11-30,112.96,1,15,600.63
334,1905,South,Furniture,2023-12-01,42.82,10,10,658.69
335,1682,SOUTH,Furniture,2023-12-02,87.75,10,5,818.11
336,1369,North,electronics,2023-12-03,139.05,4,10,327.27
337,1985,South,Electronics,2023-12-04,,3,10,632.06
338,1011,East,electronics,2023-12-05,139.27,13,10,538.01
339,1500,SOUTH,electronics,2023-12-06,131.76,8,10,411.58
340,1642,East, Furn. ,2023-12-07,113.46,12,0,751.68
341,1793,North,electronics,2023-12-08,95.63,14,5,530.51
342,1760,North, Furn. ,2023-12-09,126.34,6,5,581.3
343,1941,East,Office Supplies,2023-12-10,55.62,14,10,513.42
344,1839,North,electronics,2023-12-11,138.8,1,0,243.13
345,1595,SOUTH,Electronics,2023-12-12,99.92,3,15,592.68
346,1040,SOUTH,electronics,2023-12-13,144.68,8,15,585.13
347,1805,North, Furn. ,2023-12-14,117.14,7,0,712.44
348,1346,North,Electronics,2023-12-15,62.08,8,,291.73
349,1168,SOUTH,electronics,2023-12-16,,5,5,480.81
350,1331, north , Furn. ,2023-12-17,,8,10,528.36
351,1830,West,Electronics,2023-12-18,133.9,12,5,770.2
352,1492, north ,Furniture,2023-12-19,108.43,5,10,54.29
353,1458,,Electronics,2023-12-20,82.62,3,0,612.97
354,1405,East,Office Supplies,2023-12-21,168.89,2,15,246.57
355,1857, north ,Office Supplies,2023-12-22,111.55,11,5,499.86
356,1231,SOUTH, Furn. ,2023-12-23,95.25,10,10,246.41
357,1450,,Furniture,2023-12-24,122.99,14,0,434.55
358,1104,SOUTH,electronics,2023-12-25,127.47,14,0,819.29
359,1382, north , Furn. ,2023-12-26,116.72,1,5,412.65
360,1218,North,electronics,2023-12-27,122.41,5,,767.43
361,1117, north ,Office Supplies,2023-12-28,124.47,3,0,633.86
362,1525,, Furn. ,2023-12-29,118.32,6,0,494.78
363,1335, north , Furn. ,2023-12-30,145.87,2,,386.51
364,1362,East,Furniture,2023-12-31,,12,5,649.31
365,1113,West,Electronics,2024-01-01,144.3,13,0,275.53
366,1147,, Furn. ,2024-01-02,167.48,5,15,874.68
367,1350,North,Furniture,2024-01-03,96.41,8,0,162.47
368,1635,South, Furn. ,2024-01-04,163.89,7,,243.02
369,1980,, Furn. ,2024-01-05,172.67,9,5,437.73
370,1044,East,Furniture,2024-01-06,,3,5,709.76
371,1321, north ,Electronics,2024-01-07,91.15,6,10,38.4
372,1046,South,Furniture,2024-01-08,136.25,12,0,-67.38
373,1582,North, Furn. ,2024-01-09,145.89,9,10,344.08
374,1204, north ,electronics,2024-01-10,120.0,11,0,573.26
375,1893,,Furniture,2024-01-11,111.01,11,,429.77
376,1371,SOUTH, Furn. ,2024-01-12,,14,10,849.24
377,1345,SOUTH,Office Supplies,2024-01-13,93.88,13,0,704.28
378,1138,South,Furniture,2024-01-14,102.43,1,10,610.63
379,1600,South,Electronics,2024-01-15,103.09,3,10,320.56
380,1943,North,Furniture,2024-01-16,99.74,10,10,800.61
381,1993,East,electronics,2024-01-17,94.33,12,15,413.35
382,1559,East,Electronics,2024-01-18,156.7,13,10,595.07
383,1205,West, Furn. ,2024-01-19,113.82,5,15,810.24
384,1049, north ,Electronics,2024-01-20,106.16,2,5,393.85
385,1549,East,Electronics,2024-01-21,142.68,11,5,371.23
386,1497,SOUTH,electronics,2024-01-22,150.37,10,0,530.37
387,1641,North, Furn. ,2024-01-23,113.69,6,0,558.6
388,1947,North,Office Supplies,2024-01-24,155.25,10,0,484.56
389,1095,South,Electronics,2024-01-25,105.93,3,10,690.91
390,1352,West, Furn. ,2024-01-26,54.07,11,10,429.4
391,1758,South, Furn. ,2024-01-27,71.8,5,10,400.85
392,1284, north ,Office Supplies,2024-01-28,111.21,9,15,507.13
393,1828,SOUTH,Office Supplies,2024-01-29,116.0,3,0,651.01
394,1639,North,Furniture,2024-01-30,128.05,2,,833.06
395,1152,East,Furniture,2024-01-31,,14,5,677.3
396,1248, north ,electronics,2024-02-01,107.66,14,5,841.29
397,1808,,Electronics,2024-02-02,131.02,2,10,394.14
398,1884,,Office Supplies,2024-02-03,135.52,1,,376.19
399,1257,SOUTH,Electronics,2024-02-04,91.9,5,15,400.61
400,1285,South,Office Supplies,2024-02-05,102.14,8,10,403.16
401,1273,West,Furniture,2024-02-06,152.73,14,5,763.11
402,1165,North,Office Supplies,2024-02-07,66.48,11,,80.68
403,1871, north ,Office Supplies,2024-02-08,126.68,1,5,830.61
404,1304,West,Electronics,2024-02-09,139.66,13,5,925.96
405,1753,South,Office Supplies,2024-02-10,34.33,2,0,597.17
406,1681,North,electronics,2024-02-11,109.45,6,15,253.94
407,1015,South,Electronics,2024-02-12,145.76,3,,584.52
408,1915,SOUTH,Office Supplies,2024-02-13,166.9,2,15,531.73
409,1229,South, Furn. ,2024-02-14,124.3,3,15,485.83
410,1940, north ,Electronics,2024-02-15,119.6,6,0,358.11
411,1015,SOUTH,Office Supplies,2024-02-16,152.61,5,5,780.19
412,1049, north ,electronics,2024-02-17,,13,,637.02
413,1288, north , Furn. ,2024-02-18,116.68,6,15,522.18
414,1325,West, Furn. ,2024-02-19,190.81,7,15,454.97
415,1005,SOUTH,Furniture,2024-02-20,154.43,10,5,775.28
416,1203,,Electronics,2024-02-21,173.7,2,5,478.06
417,1571,SOUTH,Office Supplies,2024-02-22,136.21,11,,72.51
418,1764,West,electronics,2024-02-23,90.95,9,0,447.27
419,1729,East,Electronics,2024-02-24,87.21,7,15,444.06
420,1816,SOUTH, Furn. ,2024-02-25,114.71,11,0,792.06
421,1738,,Office Supplies,2024-02-26,99.12,9,15,398.08
422,1541,,Office Supplies,2024-02-27,-1.89,9,,168.48
423,1677,,electronics,2024-02-28,136.25,3,5,666.75
424,1390,East,Office Supplies,2024-02-29,154.68,14,0,125.43
425,1373,North,Office Supplies,2024-03-01,87.66,11,15,589.74
426,1297,West,electronics,2024-03-02,81.91,12,,470.62
427,1696,North,Furniture,2024-03-03,82.41,6,5,257.49
428,1018,East, Furn. ,2024-03-04,93.88,4,15,263.96
429,1331,East,Office Supplies,2024-03-05,,4,5,468.17
430,1981,,Office Supplies,2024-03-06,92.51,10,15,588.9
431,1302,West,electronics,2024-03-07,129.71,7,15,287.94
432,1947,South, Furn. ,2024-03-08,160.95,4,10,302.35
433,1072,North,Electronics,2024-03-09,150.36,13,10,409.56
434,1810,West,Electronics,2024-03-10,93.01,2,15,763.98
435,1484,SOUTH,Furniture,2024-03-11,100.27,2,15,610.49
436,1554,SOUTH,Electronics,2024-03-12,89.35,11,0,514.74
437,1868,,Electronics,2024-03-13,143.26,10,15,415.86
438,1056,,Furniture,2024-03-14,123.79,12,0,505.36
439,1836,,Electronics,2024-03-15,74.89,14,15,-111.65
440,1551, north ,Office Supplies,2024-03-16,57.65,9,5,627.57
441,1523,SOUTH,electronics,2024-03-17,117.5,11,10,661.0
442,1446,, Furn. ,2024-03-18,,5,15,302.57
443,1500,SOUTH, Furn. ,2024-03-19,136.15,3,15,600.45
444,1321,SOUTH,Electronics,2024-03-20,127.43,9,0,373.22
445,1298,North,Furniture,2024-03-21,,12,10,447.4
446,1899,West,Furniture,2024-03-22,181.73,1,15,699.07
447,1833,North, Furn. ,2024-03-23,104.89,8,0,768.43
448,1766,West,Office Supplies,2024-03-24,174.65,13,5,558.24
449,1103,,electronics,2024-03-25,174.94,2,5,618.44
450,1263,North,electronics,2024-03-26,108.24,11,,247.81
451,1776,North,Furniture,2024-03-27,146.22,14,5,616.36
452,1861,East,Furniture,2024-03-28,152.15,3,5,650.67
453,1159,West,Office Supplies,2024-03-29,103.71,4,5,675.86
454,1341,West,electronics,2024-03-30,114.96,2,5,575.65
455,1961,SOUTH, Furn. ,2024-03-31,,9,5,602.66
456,1934,,Electronics,2024-04-01,,4,0,582.42
457,1914,South,Furniture,2024-04-02,47.98,10,0,601.62
458,1199, north ,Furniture,2024-04-03,141.42,11,,508.27
459,1372,West,Furniture,2024-04-04,121.06,2,10,322.42
460,1564,SOUTH,Electronics,2024-04-05,123.72,13,0,416.44
461,1422,North,Furniture,2024-04-06,114.3,7,0,755.05
462,1173,SOUTH,Electronics,2024-04-07,131.34,6,10,437.89
463,1152,East,Office Supplies,2024-04-08,,2,15,397.72
464,1479,East,Furniture,2024-04-09,121.43,3,0,615.0
465,1568,West,Furniture,2024-04-10,146.0,3,10,540.2
466,1108,North,Electronics,2024-04-11,113.65,8,0,255.24
467,1175,,Furniture,2024-04-12,112.76,14,0,368.7
468,1911, north ,Electronics,2024-04-13,154.33,2,10,538.6
469,1251,,Electronics,2024-04-14,125.28,10,0,646.35
470,1310,,Office Supplies,2024-04-15,139.87,2,5,580.41
471,1805,West,electronics,2024-04-16,43.43,1,,607.11
472,1352,,Furniture,2024-04-17,121.85,4,5,825.2
473,1901,,electronics,2024-04-18,125.95,1,0,676.09
474,1887,South,Electronics,2024-04-19,133.98,14,0,70.37
475,1988,,electronics,2024-04-20,76.89,11,5,653.39
476,1762,North,electronics,2024-04-21,92.89,14,10,503.67
477,1983,SOUTH, Furn. ,2024-04-22,111.07,9,10,391.39
478,1858,,Furniture,2024-04-23,111.16,4,10,444.46
479,1679,West,electronics,2024-04-24,95.17,13,0,538.42
480,1668,South,Office Supplies,2024-04-25,124.8,11,0,318.86
481,1618,West,Electronics,2024-04-26,152.05,2,,195.97
482,1558,East,Furniture,2024-04-27,84.43,2,5,531.69
483,1191,East,electronics,2024-04-28,147.22,7,0,269.66
484,1842,West,Furniture,2024-04-29,126.24,7,0,405.02
485,1511,East,Office Supplies,2024-04-30,152.04,9,15,450.17
486,1009, north ,Electronics,2024-05-01,65.91,14,15,255.25
487,1360,SOUTH,Electronics,2024-05-02,156.26,9,10,425.41
488,1426,SOUTH,Electronics,2024-05-03,121.02,9,10,203.82
489,1828, north ,Electronics,2024-05-04,37.3,11,15,673.17
490,1909,,Electronics,2024-05-05,57.29,9,,913.08
491,1970,North,Office Supplies,2024-05-06,104.27,8,15,722.26
492,1177,West, Furn. ,2024-05-07,190.56,11,0,377.28
493,1561,West,electronics,2024-05-08,101.86,11,0,393.28
494,1924,SOUTH,Office Supplies,2024-05-09,167.55,6,10,411.76
495,1205,South, Furn. ,2024-05-10,61.72,13,10,329.89
496,1601,North,Office Supplies,2024-05-11,150.05,7,10,778.86
497,1635,South,Office Supplies,2024-05-12,85.66,8,15,736.86
498,1115,East,Furniture,2024-05-13,106.17,10,15,327.71
499,1155,North,Office Supplies,2024-05-14,145.93,13,10,256.83
500,1401,East,Office Supplies,2024-05-15,84.08,12,0,170.4
501,1789,West,Electronics,2024-05-16,91.62,1,10,469.76
502,1249,East,Electronics,2024-05-17,110.42,9,10,338.2
503,1169,East,Furniture,2024-05-18,67.52,12,0,274.08
504,1401,West,electronics,2024-05-19,98.47,13,10,177.42
505,1949,SOUTH,Office Supplies,2024-05-20,156.53,3,15,263.26
506,1872,North, Furn. ,2024-05-21,86.99,11,,86.3
507,1227,South,Furniture,2024-05-22,97.86,9,5,557.06
508,1134,East,electronics,2024-05-23,118.14,10,15,551.1
509,1218, north ,Furniture,2024-05-24,105.78,5,10,166.07
510,1716,North, Furn. ,2024-05-25,77.42,2,10,14.88
511,1281,West, Furn. ,2024-05-26,143.55,1,5,459.91
512,1847, north ,electronics,2024-05-27,80.27,2,,355.43
513,1569,South,Furniture,2024-05-28,97.51,5,5,951.37
514,1177,,Electronics,2024-05-29,135.67,13,,268.49
515,1115, north ,electronics,2024-05-30,108.78,7,0,533.21
516,1380,, Furn. ,2024-05-31,98.73,6,0,424.19
517,1992,West, Furn. ,2024-06-01,119.45,8,15,786.56
518,1753,North, Furn. ,2024-06-02,107.26,1,5,435.26
519,1573,South,Office Supplies,2024-06-03,137.62,12,10,795.27
520,1362,North,Furniture,2024-06-04,176.8,7,0,547.06
521,1647, north ,Office Supplies,2024-06-05,,6,10,426.49
522,1030,South,electronics,2024-06-06,136.5,13,,424.64
523,1084,East,Office Supplies,2024-06-07,85.87,13,5,538.78
524,1520,,electronics,2024-06-08,81.07,4,5,699.57
525,1531,SOUTH,electronics,2024-06-09,148.47,13,5,434.99
526,1745,South, Furn. ,2024-06-10,183.28,9,15,562.67
527,1799,,Electronics,2024-06-11,132.97,4,,583.64
528,1906,,electronics,2024-06-12,117.51,8,0,375.47
529,1901,South,Electronics,2024-06-13,163.88,2,0,552.84
530,1651,West,electronics,2024-06-14,151.42,13,5,244.45
531,1481,,Furniture,2024-06-15,,7,0,571.8
532,1901,SOUTH,electronics,2024-06-16,188.62,10,15,37.33
533,1819,South,Furniture,2024-06-17,159.8,1,,353.72
534,1096,South,Furniture,2024-06-18,135.45,13,0,137.91
535,1793,South,Electronics,2024-06-19,,9,15,972.2
536,1775,North,Electronics,2024-06-20,87.98,13,10,521.87
537,1524,South,Office Supplies,2024-06-21,125.51,2,5,541.84
538,1663,North,Electronics,2024-06-22,100.46,9,15,544.16
539,1297,SOUTH,electronics,2024-06-23,123.76,7,0,736.71
540,1857,North,electronics,2024-06-24,134.69,4,5,591.21
541,1999,SOUTH,Electronics,2024-06-25,158.45,9,5,412.71
542,1103,SOUTH,Electronics,2024-06-26,127.3,6,0,528.7
543,1342,South,Furniture,2024-06-27,192.09,1,10,238.1
544,1709,SOUTH, Furn. ,2024-06-28,,4,,509.65
545,1750,,Electronics,2024-06-29,85.58,1,5,556.31
546,1899,,Electronics,2024-06-30,118.19,3,15,451.21
547,1356,,Electronics,2024-07-01,112.77,6,10,647.95
548,1638,,Office Supplies,2024-07-02,130.95,5,15,601.56
549,1336,,Electronics,2024-07-03,163.34,13,10,520.52
550,1107,South,Electronics,2024-07-04,122.26,14,,682.74
551,1988,North,electronics,2024-07-05,91.73,3,,582.31
552,1706, north ,Electronics,2024-07-06,168.78,11,15,597.2
553,1441,East,Electronics,2024-07-07,102.26,3,,923.49
554,1400,,Furniture,2024-07-08,104.09,6,10,420.61
555,1987, north , Furn. ,2024-07-09,172.84,3,10,553.04
556,1068,SOUTH, Furn. ,2024-07-10,75.95,1,0,322.23
557,1992, north , Furn. ,2024-07-11,,12,,677.09
558,1404,South,electronics,2024-07-12,146.59,12,15,624.07
559,1852,,Furniture,2024-07-13,104.2,1,0,666.79
560,1343,,Office Supplies,2024-07-14,106.78,10,0,547.5
561,1801,South, Furn. ,2024-07-15,,5,0,679.72
562,1392,North,Office Supplies,2024-07-16,128.23,11,,600.97
563,1953,,Furniture,2024-07-17,109.16,6,10,464.08
564,1375,East,Furniture,2024-07-18,116.73,9,10,392.46
565,1030,,Furniture,2024-07-19,173.33,11,15,185.19
566,1890,East,Electronics,2024-07-20,126.67,1,15,693.22
567,1499,West,Electronics,2024-07-21,95.88,2,15,633.72
568,1931,South,Furniture,2024-07-22,116.28,7,15,413.85
569,1959,South,Office Supplies,2024-07-23,129.66,9,15,550.76
570,1985,SOUTH,electronics,2024-07-24,,2,15,558.5
571,1534,South,Furniture,2024-07-25,,9,0,768.59
572,1748,,Furniture,2024-07-26,123.41,2,15,580.98
573,1122,North,electronics,2024-07-27,109.19,8,10,433.42
574,1481,SOUTH,Electronics,2024-07-28,70.9,9,0,483.17
575,1396,South,Office Supplies,2024-07-29,127.31,12,10,207.4
576,1923,SOUTH,Electronics,2024-07-30,,8,5,539.07
577,1311,West,Office Supplies,2024-07-31,166.75,10,,877.87
578,1971,North,electronics,2024-08-01,109.72,4,,486.27
579,1217,SOUTH, Furn. ,2024-08-02,,4,15,471.24
580,1998,South,Office Supplies,2024-08-03,90.37,1,10,531.81
581,1788,East,Furniture,2024-08-04,91.26,4,,747.78
582,1575,West, Furn. ,2024-08-05,167.87,12,15,500.27
583,1932,South,Furniture,2024-08-06,116.87,9,15,756.4
584,1082,South, Furn. ,2024-08-07,94.66,14,15,801.66
585,1275,SOUTH,electronics,2024-08-08,58.38,2,5,726.79
586,1771,North,Furniture,2024-08-09,,14,0,562.99
587,1669,West, Furn. ,2024-08-10,112.4,10,,711.06
588,1077, north , Furn. ,2024-08-11,68.36,5,10,627.22
589,1536,SOUTH,Office Supplies,2024-08-12,114.64,11,10,516.12
590,1335, north ,Electronics,2024-08-13,153.31,8,0,443.05
591,1238,West,electronics,2024-08-14,97.97,2,5,839.16
592,1238,West,Office Supplies,2024-08-15,104.16,12,15,916.84
593,1655,,Furniture,2024-08-16,102.05,5,15,39.75
594,1596, north ,electronics,2024-08-17,211.47,6,15,429.27
595,1018,East,Furniture,2024-08-18,126.72,7,15,603.56
596,1254,, Furn. ,2024-08-19,155.8,13,10,371.56
597,1615,SOUTH,electronics,2024-08-20,112.66,14,10,486.55
598,1422,South, Furn. ,2024-08-21,184.94,5,0,714.77
599,1712,North,Furniture,2024-08-22,,1,5,337.87
600,1024,North,Electronics,2024-08-23,154.34,2,5,882.35
601,1298,East,electronics,2024-08-24,139.5,12,10,478.71
602,1271,South,Electronics,2024-08-25,119.37,2,,567.16
603,1513,East,electronics,2024-08-26,111.0,3,10,352.47
604,1859,South,electronics,2024-08-27,160.48,7,,389.33
605,1096,West,Electronics,2024-08-28,150.07,10,,518.02
606,1095, north ,electronics,2024-08-29,130.46,10,5,288.88
607,1768,South,Office Supplies,2024-08-30,201.23,9,15,538.44
608,1024,SOUTH,Furniture,2024-08-31,65.02,9,,433.59
609,1318,South,Office Supplies,2024-09-01,85.74,3,5,264.01
610,1323,West, Furn. ,2024-09-02,128.92,12,10,839.76
611,1242, north ,Furniture,2024-09-03,124.7,3,10,327.94
612,1518,, Furn. ,2024-09-04,147.94,14,0,344.86
613,1071,SOUTH, Furn. ,2024-09-05,110.98,7,0,259.96
614,1872,East,electronics,2024-09-06,177.67,12,15,646.84
615,1052, north ,Electronics,2024-09-07,107.96,13,10,262.26
616,1132, north ,Electronics,2024-09-08,101.54,8,,377.55
617,1532,West,Electronics,2024-09-09,170.0,3,10,564.1
618,1931,East,Furniture,2024-09-10,194.8,9,,786.72
619,1245,South,Furniture,2024-09-11,138.92,7,15,551.4
620,1995,West, Furn. ,2024-09-12,91.6,2,5,581.68
621,1231,West,Furniture,2024-09-13,197.7,10,15,333.68
622,1198,SOUTH,electronics,2024-09-14,121.92,2,5,300.39
623,1480, north ,Furniture,2024-09-15,57.21,14,,470.52
624,1428,SOUTH,Electronics,2024-09-16,98.04,14,5,798.01
625,1040,North,Electronics,2024-09-17,,6,10,535.73
626,1403,East,electronics,2024-09-18,93.92,5,10,411.68
627,1773,,Furniture,2024-09-19,166.02,14,15,225.24
628,1516,,Office Supplies,2024-09-20,64.9,7,5,600.17
629,1056, north ,Office Supplies,2024-09-21,144.3,14,5,431.77
630,1693,, Furn. ,2024-09-22,69.21,11,5,805.73
631,1766,East,Furniture,2024-09-23,98.13,12,15,281.26
632,1815,North,Electronics,2024-09-24,127.25,4,0,478.62
633,1655,SOUTH,electronics,2024-09-25,127.11,5,15,875.12
634,1481,SOUTH,Office Supplies,2024-09-26,142.49,6,10,213.99
635,1849, north , Furn. ,2024-09-27,65.13,2,10,732.6
636,1949,South,Electronics,2024-09-28,95.77,11,5,564.63
637,1134, north ,electronics,2024-09-29,162.3,2,,460.33
638,1820,North,Electronics,2024-09-30,116.77,4,10,557.18
639,1952,South,electronics,2024-10-01,176.97,4,15,269.85
640,1684,West,Furniture,2024-10-02,157.54,10,5,274.55
641,1900,South,Electronics,2024-10-03,108.03,14,5,787.75
642,1514,North,Furniture,2024-10-04,125.57,9,,511.52
643,1031,South,electronics,2024-10-05,127.35,3,5,622.73
644,1479,South,Electronics,2024-10-06,150.85,2,10,289.5
645,1237,SOUTH, Furn. ,2024-10-07,140.17,14,5,550.88
646,1473, north , Furn. ,2024-10-08,77.39,12,5,482.84
647,1453, north ,Electronics,2024-10-09,103.39,14,15,954.43
648,1327,South,electronics,2024-10-10,,3,15,655.77
649,1233,South,Furniture,2024-10-11,151.67,14,5,497.28
650,1087,West,Furniture,2024-10-12,98.09,4,5,385.03
651,1996,, Furn. ,2024-10-13,140.81,8,15,618.12
652,1173, north ,Furniture,2024-10-14,112.83,2,5,738.31
653,1360,East,electronics,2024-10-15,110.11,11,15,550.8
654,1803,,electronics,2024-10-16,150.04,6,,303.69
655,1567,South,Electronics,2024-10-17,107.61,11,10,207.18
656,1820,East,Furniture,2024-10-18,74.52,9,5,791.66
657,1330, north ,electronics,2024-10-19,103.26,8,0,366.74
658,1960,SOUTH,electronics,2024-10-20,71.39,2,10,821.34
659,1379,North,electronics,2024-10-21,83.59,2,10,678.54
660,1841,East,electronics,2024-10-22,157.2,3,10,370.59
661,1318,South,Furniture,2024-10-23,110.04,4,5,555.32
662,1091,South,Furniture,2024-10-24,,7,0,71.2
663,1095,West,Furniture,2024-10-25,95.15,10,,624.53
664,1335,North,Furniture,2024-10-26,93.18,2,0,530.1
665,1202, north ,Office Supplies,2024-10-27,128.35,2,5,201.34
666,1998,West,Electronics,2024-10-28,184.89,11,15,496.97
667,1670,South,Electronics,2024-10-29,145.47,8,5,576.05
668,1589,,Electronics,2024-10-30,72.75,8,0,171.36
669,1965,SOUTH,Furniture,2024-10-31,142.95,14,,395.64
670,1179,West,electronics,2024-11-01,,3,5,671.56
671,1817,,Office Supplies,2024-11-02,182.97,7,0,510.41
672,1978,West, Furn. ,2024-11-03,132.8,10,10,681.55
673,1680,, Furn. ,2024-11-04,138.0,14,5,420.24
674,1820,East, Furn. ,2024-11-05,,6,10,339.78
675,1503,East,Electronics,2024-11-06,85.01,3,15,877.48
676,1437,West,Electronics,2024-11-07,38.55,2,,721.9
677,1445,East,electronics,2024-11-08,94.39,12,15,694.88
678,1505,West,Office Supplies,2024-11-09,86.54,4,,446.15
679,1942,South, Furn. ,2024-11-10,,9,10,427.1
680,1658,West,Office Supplies,2024-11-11,79.16,7,10,615.68
681,1148,,Office Supplies,2024-11-12,91.35,1,,23.15
682,1871,SOUTH,electronics,2024-11-13,157.82,14,10,254.78
683,1871,North,Electronics,2024-11-14,123.61,4,0,452.25
684,1955,, Furn. ,2024-11-15,65.31,3,10,561.6
685,1168,East,Furniture,2024-11-16,83.94,4,10,233.59
686,1928,South, Furn. ,2024-11-17,125.93,5,5,352.07
687,1100,South,electronics,2024-11-18,126.55,8,15,220.15
688,1842,West, Furn. ,2024-11-19,96.03,4,15,199.21
689,1936,South,Furniture,2024-11-20,148.32,8,15,756.78
690,1780,West, Furn. ,2024-11-21,161.14,6,,395.14
691,1596,West,Office Supplies,2024-11-22,145.29,6,5,374.34
692,1469,South,Electronics,2024-11-23,90.96,5,,448.98
693,1972,West,Furniture,2024-11-24,78.58,9,10,753.72
694,1300,East,Furniture,2024-11-25,108.94,12,5,393.3
695,1519, north ,Electronics,2024-11-26,124.53,13,5,511.07
696,1594,SOUTH,Electronics,2024-11-27,94.12,5,5,234.75
697,1527,East,electronics,2024-11-28,,6,10,743.16
698,1927,North,Furniture,2024-11-29,87.08,2,5,-34.11
699,1714,SOUTH,Electronics,2024-11-30,73.78,2,10,699.3
700,1526,North,Furniture,2024-12-01,112.53,7,15,702.5
701,1669,North,electronics,2024-12-02,55.15,3,0,779.24
702,1556,East,Furniture,2024-12-03,118.03,3,5,667.98
703,1098,South, Furn. ,2024-12-04,103.63,8,0,405.81
704,1242,SOUTH,Electronics,2024-12-05,162.19,4,0,695.82
705,1343,,electronics,2024-12-06,133.1,13,0,303.95
706,1515,West,Furniture,2024-12-07,,1,0,527.97
707,1772,East,Electronics,2024-12-08,125.59,6,,568.87
708,1702,South,Furniture,2024-12-09,93.33,3,15,579.35
709,1601,South,Electronics,2024-12-10,85.44,8,15,891.87
710,1519,East,Electronics,2024-12-11,149.08,6,0,263.53
711,1214, north ,electronics,2024-12-12,,5,5,381.02
712,1407,West,Electronics,2024-12-13,134.26,4,,641.94
713,1686,East,Office Supplies,2024-12-14,120.56,4,10,419.92
714,1159,North,Electronics,2024-12-15,,2,15,635.46
715,1500,SOUTH,Office Supplies,2024-12-16,,4,10,691.25
716,1913,East,electronics,2024-12-17,144.28,3,15,745.89
717,1592,SOUTH,Electronics,2024-12-18,138.13,13,5,378.45
718,1596,,Office Supplies,2024-12-19,70.23,6,0,470.92
719,1448,SOUTH,electronics,2024-12-20,130.46,3,15,555.6
720,1441,SOUTH,Furniture,2024-12-21,,11,,394.98
721,1687,North,Furniture,2024-12-22,105.28,1,15,369.27
722,1930,, Furn. ,2024-12-23,130.32,14,10,440.35
723,1531,East,Furniture,2024-12-24,38.82,8,5,676.97
724,1284, north , Furn. ,2024-12-25,142.97,3,5,633.51
725,1121,East,electronics,2024-12-26,74.88,13,10,644.31
726,1297, north ,Office Supplies,2024-12-27,65.96,7,15,546.23
727,1462,SOUTH,Office Supplies,2024-12-28,146.43,12,5,530.62
728,1239,,electronics,2024-12-29,82.75,11,5,759.07
729,1062, north ,Office Supplies,2024-12-30,118.78,6,,690.96
730,1814,,Furniture,2024-12-31,75.73,6,10,604.85
731,1378,North,Furniture,2025-01-01,168.42,5,15,724.71
732,1980,,electronics,2025-01-02,137.88,5,15,528.45
733,1287,East,Electronics,2025-01-03,82.93,11,5,997.7
734,1196,West,Furniture,2025-01-04,86.5,13,15,840.61
735,1261, north ,Electronics,2025-01-05,103.02,7,15,494.36
736,1129,East,Electronics,2025-01-06,116.21,10,10,520.53
737,1100,East,Furniture,2025-01-07,132.34,12,5,753.61
738,1037,North, Furn. ,2025-01-08,141.48,6,10,421.31
739,1451,South,Office Supplies,2025-01-09,128.97,7,5,429.86
740,1669,South,electronics,2025-01-10,145.08,4,15,513.9
741,1480,East,electronics,2025-01-11,122.94,8,10,782.94
742,1613,,electronics,2025-01-12,152.26,9,5,565.56
743,1318,North,electronics,2025-01-13,166.99,14,15,922.0
744,1004,East,electronics,2025-01-14,135.51,7,,501.19
745,1522,North, Furn. ,2025-01-15,106.69,8,5,801.77
746,1868,East,Office Supplies,2025-01-16,109.07,10,15,741.68
747,1378,SOUTH,Electronics,2025-01-17,93.63,6,,436.63
748,1165,East,electronics,2025-01-18,89.45,1,0,464.42
749,1544,SOUTH,electronics,2025-01-19,97.23,6,5,655.58
750,1751,,Electronics,2025-01-20,126.7,1,10,851.24
751,1558,West,electronics,2025-01-21,143.4,13,0,385.7
752,1660,, Furn. ,2025-01-22,143.44,3,10,754.88
753,1547, north ,Furniture,2025-01-23,126.56,12,10,209.17
754,1996, north , Furn. ,2025-01-24,106.0,13,5,428.04
755,1129, north ,Office Supplies,2025-01-25,97.65,8,10,438.45
756,1626,North, Furn. ,2025-01-26,183.88,1,0,429.88
757,1927,South, Furn. ,2025-01-27,104.29,1,0,277.81
758,1545,North,Furniture,2025-01-28,,14,15,647.48
759,1067, north ,Electronics,2025-01-29,73.19,1,10,678.76
760,1942,SOUTH,Electronics,2025-01-30,125.16,14,5,457.26
761,1749, north ,Office Supplies,2025-01-31,147.29,4,10,826.67
762,1391, north , Furn. ,2025-02-01,91.55,8,15,165.59
763,1851,South, Furn. ,2025-02-02,77.11,4,5,435.68
764,1809,South,Office Supplies,2025-02-03,176.74,8,0,678.1
765,1896, north ,Office Supplies,2025-02-04,141.17,7,0,507.38
766,1940,South,Furniture,2025-02-05,62.14,8,15,385.68
767,1831,SOUTH,Electronics,2025-02-06,116.88,5,5,467.87
768,1222,East,Office Supplies,2025-02-07,87.81,7,15,311.88
769,1565,East, Furn. ,2025-02-08,152.15,10,10,529.15
770,1994,East,electronics,2025-02-09,101.63,14,5,457.9
771,1176,South, Furn. ,2025-02-10,106.14,3,15,567.14
772,1739,West, Furn. ,2025-02-11,103.33,14,15,484.19
773,1101,West,Electronics,2025-02-12,135.81,14,5,359.45
774,1445,,Furniture,2025-02-13,87.96,14,,443.64
775,1106, north ,electronics,2025-02-14,107.11,13,5,586.92
776,1258,South, Furn. ,2025-02-15,,13,10,662.82
777,1254,South,Furniture,2025-02-16,173.84,2,0,726.78
778,1939,East,electronics,2025-02-17,133.7,4,0,364.81
779,1008,,Electronics,2025-02-18,133.43,6,5,188.98
780,1214,South,Office Supplies,2025-02-19,81.18,1,,568.63
781,1427,East,Electronics,2025-02-20,81.22,10,5,687.57
782,1182,East,electronics,2025-02-21,82.38,14,15,483.58
783,1520, north ,Electronics,2025-02-22,96.2,2,5,282.92
784,1642,East,electronics,2025-02-23,149.95,11,,374.31
785,1650,SOUTH,Furniture,2025-02-24,142.78,3,15,845.37
786,1737,West,Office Supplies,2025-02-25,91.66,9,,255.96
787,1809,North,Office Supplies,2025-02-26,110.5,5,10,589.58
788,1069,SOUTH,Office Supplies,2025-02-27,112.14,1,,389.74
789,1120,North, Furn. ,2025-02-28,167.34,8,15,343.68
790,1992,West,Furniture,2025-03-01,153.68,6,5,459.82
791,1112,, Furn. ,2025-03-02,111.93,1,10,310.4
792,1624,,Office Supplies,2025-03-03,113.74,6,15,953.0
793,1574,North,Electronics,2025-03-04,83.43,7,5,474.6
794,1781,SOUTH,Electronics,2025-03-05,81.02,2,15,306.35
795,1384,,Office Supplies,2025-03-06,142.94,3,0,607.34
796,1092,, Furn. ,2025-03-07,126.96,4,0,524.8
797,1600,East,Furniture,2025-03-08,146.15,6,15,570.87
798,1418,SOUTH,Office Supplies,2025-03-09,175.14,10,,595.66
799,1858,North,Office Supplies,2025-03-10,,11,15,374.94
800,1306,North, Furn. ,2025-03-11,109.34,5,15,447.57
801,1377,,Electronics,2025-03-12,165.55,6,0,318.5
802,1525,East,Office Supplies,2025-03-13,116.72,10,10,507.14
803,1626,West,Furniture,2025-03-14,197.48,3,15,483.43
804,1369,North,Office Supplies,2025-03-15,184.16,12,0,485.6
805,1676,South,Electronics,2025-03-16,174.52,3,15,479.62
806,1401,North,electronics,2025-03-17,104.69,11,15,899.96
807,1405,West,Furniture,2025-03-18,66.41,7,10,390.0
808,1246, north ,Electronics,2025-03-19,90.33,12,10,126.6
809,1486,,Office Supplies,2025-03-20,134.36,5,10,461.01
810,1090,,Furniture,2025-03-21,181.22,10,5,380.4
811,1229, north ,Office Supplies,2025-03-22,113.79,14,0,679.0
812,1445,South,Furniture,2025-03-23,165.95,7,,475.38
813,1233,,electronics,2025-03-24,123.35,5,15,1008.18
814,1092,SOUTH,Furniture,2025-03-25,120.24,8,15,240.61
815,1127, north , Furn. ,2025-03-26,145.14,1,10,916.47
816,1916, north , Furn. ,2025-03-27,115.16,8,15,622.14
817,1797,North,Office Supplies,2025-03-28,148.09,10,5,432.41
818,1512, north ,Office Supplies,2025-03-29,75.89,9,10,474.49
819,1536,SOUTH,electronics,2025-03-30,110.05,8,10,468.02
820,1116,North,Furniture,2025-03-31,156.69,12,10,453.33
821,1342,South,Furniture,2025-04-01,99.87,6,5,653.34
822,1059,SOUTH,Furniture,2025-04-02,150.73,8,0,691.54
823,1761,West,electronics,2025-04-03,,9,0,187.44
824,1347,South,Office Supplies,2025-04-04,61.64,11,15,701.09
825,1621,North,electronics,2025-04-05,80.15,4,10,676.45
826,1856,,electronics,2025-04-06,128.13,12,15,496.11
827,1981,North,electronics,2025-04-07,108.82,11,10,565.02
828,1503,North,Electronics,2025-04-08,110.65,7,15,449.38
829,1749,North, Furn. ,2025-04-09,82.76,8,0,502.63
830,1680,West, Furn. ,2025-04-10,178.79,5,,471.67
831,1479, north ,electronics,2025-04-11,159.7,2,10,503.99
832,1580,,electronics,2025-04-12,123.42,10,5,223.78
833,1751, north ,electronics,2025-04-13,100.07,5,5,320.92
834,1328,South,Electronics,2025-04-14,66.51,13,0,434.9
835,1390,SOUTH,Furniture,2025-04-15,169.64,12,5,555.75
836,1797,,Electronics,2025-04-16,73.03,4,5,450.92
837,1864,South, Furn. ,2025-04-17,185.11,13,15,177.38
838,1167,North,Electronics,2025-04-18,90.51,7,0,677.89
839,1388,South,Furniture,2025-04-19,95.81,5,0,198.56
840,1768, north ,Furniture,2025-04-20,189.51,8,15,603.12
841,1924,South,Electronics,2025-04-21,130.53,1,10,373.79
842,1534,SOUTH,Office Supplies,2025-04-22,127.29,14,15,419.52
843,1692,, Furn. ,2025-04-23,141.71,8,5,787.39
844,1248,South,Electronics,2025-04-24,119.55,11,10,750.2
845,1100,East,Office Supplies,2025-04-25,128.95,13,,663.22
846,1411,East,Furniture,2025-04-26,135.14,3,0,266.11
847,1128,North,Furniture,2025-04-27,123.7,8,15,490.49
848,1348,West,Furniture,2025-04-28,145.16,4,0,353.62
849,1871,SOUTH,Furniture,2025-04-29,90.3,7,10,572.64
850,1455,SOUTH,Office Supplies,2025-04-30,,4,10,658.72
851,1961,East,Electronics,2025-05-01,145.2,8,15,171.3
852,1506,East,Office Supplies,2025-05-02,,7,15,809.26
853,1006,South,electronics,2025-05-03,60.14,7,15,495.74
854,1675,West,Furniture,2025-05-04,151.27,5,0,459.2
855,1927,, Furn. ,2025-05-05,141.47,8,10,627.8
856,1726,West,Electronics,2025-05-06,104.37,5,0,414.86
857,1770,West,Electronics,2025-05-07,134.33,8,5,324.51
858,1652,North,Furniture,2025-05-08,112.69,5,0,193.37
859,1443,SOUTH,Office Supplies,2025-05-09,80.56,7,15,633.91
860,1958,,electronics,2025-05-10,158.44,11,15,601.38
861,1256,East,electronics,2025-05-11,101.3,6,15,560.43
862,1054,SOUTH,Furniture,2025-05-12,118.87,1,5,445.33
863,1921,West, Furn. ,2025-05-13,134.88,7,10,89.16
864,1156,West, Furn. ,2025-05-14,132.49,14,0,519.56
865,1127,South,Electronics,2025-05-15,107.53,2,15,584.51
866,1456,East,Furniture,2025-05-16,175.87,5,10,569.64
867,1826,,Furniture,2025-05-17,146.88,10,10,834.2
868,1997,East,Office Supplies,2025-05-18,142.45,11,,186.07
869,1634,South,Office Supplies,2025-05-19,125.53,1,15,862.59
870,1511,,Furniture,2025-05-20,,10,15,370.16
871,1835, north ,electronics,2025-05-21,95.05,2,10,517.39
872,1397,,Office Supplies,2025-05-22,74.44,8,,746.7
873,1910,West,Furniture,2025-05-23,128.17,6,5,723.88
874,1140,East,electronics,2025-05-24,115.71,13,,420.11
875,1746,East,Furniture,2025-05-25,171.58,5,5,236.6
876,1591,East,Furniture,2025-05-26,109.65,3,,312.4
877,1310,,Office Supplies,2025-05-27,166.11,13,10,63.79
878,1942,East, Furn. ,2025-05-28,72.26,6,15,528.12
879,1203,South,electronics,2025-05-29,67.49,5,0,415.11
880,1525,,Office Supplies,2025-05-30,146.98,3,,401.98
881,1256,East,Electronics,2025-05-31,97.26,10,10,592.0
882,1043, north ,Office Supplies,2025-06-01,135.04,7,10,131.17
883,1250,West,Office Supplies,2025-06-02,112.95,10,5,58.87
884,1243,South,Furniture,2025-06-03,120.56,9,5,803.71
885,1641,East,Furniture,2025-06-04,131.39,7,15,433.65
886,1357,SOUTH,Electronics,2025-06-05,100.29,8,0,453.06
887,1152,,electronics,2025-06-06,132.31,3,5,336.37
888,1804,West,electronics,2025-06-07,88.98,4,10,700.72
889,1963,West,Electronics,2025-06-08,139.02,12,15,577.21
890,1153, north ,Electronics,2025-06-09,161.84,4,5,516.59
891,1768,East, Furn. ,2025-06-10,88.4,1,10,417.93
892,1834,West, Furn. ,2025-06-11,87.0,14,15,476.84
893,1879,South,Office Supplies,2025-06-12,,11,0,681.75
894,1084,SOUTH, Furn. ,2025-06-13,141.35,12,,798.36
895,1963,West, Furn. ,2025-06-14,137.51,11,15,528.28
896,1042, north ,Office Supplies,2025-06-15,118.66,3,10,548.1
897,1680,SOUTH, Furn. ,2025-06-16,138.51,5,0,884.03
898,1714,West,Electronics,2025-06-17,47.56,9,,750.77
899,1712,West,Furniture,2025-06-18,188.77,8,0,802.37
900,1897, north ,electronics,2025-06-19,147.57,5,5,808.91
901,1523,, Furn. ,2025-06-20,122.63,9,0,721.44
902,1320,South,Furniture,2025-06-21,101.08,2,,487.88
903,1714,West,Furniture,2025-06-22,,13,0,91.1
904,1794,South,electronics,2025-06-23,127.06,3,5,246.79
905,1342,,Electronics,2025-06-24,,12,5,409.12
906,1663,SOUTH,Electronics,2025-06-25,164.0,11,5,699.2
907,1337,South,electronics,2025-06-26,165.9,11,0,511.88
908,1437,South,Office Supplies,2025-06-27,79.1,6,15,605.94
909,1507,West,electronics,2025-06-28,90.8,3,0,363.51
910,1052,,Office Supplies,2025-06-29,102.64,14,,609.69
911,1260,West,electronics,2025-06-30,114.57,8,5,562.02
912,1357,North, Furn. ,2025-07-01,126.47,14,10,855.95
913,1749,West,Furniture,2025-07-02,111.58,2,0,283.52
914,1712,North, Furn. ,2025-07-03,76.62,1,5,589.11
915,1234, north ,electronics,2025-07-04,120.21,6,0,959.6
916,1737,SOUTH, Furn. ,2025-07-05,131.94,6,5,445.97
917,1256,North,electronics,2025-07-06,118.12,10,0,427.3
918,1210, north ,Furniture,2025-07-07,52.65,14,10,499.45
919,1700, north ,Office Supplies,2025-07-08,64.64,8,10,208.93
920,1196, north ,electronics,2025-07-09,135.19,3,5,629.5
921,1873,West,electronics,2025-07-10,116.64,7,10,378.06
922,1938,South, Furn. ,2025-07-11,112.7,6,10,547.24
923,1838,SOUTH,electronics,2025-07-12,99.53,9,10,608.01
924,1689,North,electronics,2025-07-13,125.85,3,10,620.31
925,1334,North, Furn. ,2025-07-14,,4,5,611.71
926,1714,SOUTH, Furn. ,2025-07-15,80.32,11,10,589.15
927,1080,South, Furn. ,2025-07-16,60.31,14,0,133.5
928,1262,West,Electronics,2025-07-17,91.61,7,10,1043.07
929,1825,SOUTH, Furn. ,2025-07-18,148.25,11,10,607.37
930,1797,East,Electronics,2025-07-19,133.79,2,10,387.5
931,1253,SOUTH,Furniture,2025-07-20,103.7,14,5,74.68
932,1566,South,Furniture,2025-07-21,151.65,1,10,124.03
933,1915,South, Furn. ,2025-07-22,85.25,8,15,195.84
934,1026,North, Furn. ,2025-07-23,101.36,1,0,276.67
935,1111,, Furn. ,2025-07-24,66.04,11,10,681.38
936,1137, north ,electronics,2025-07-25,76.93,3,5,405.1
937,1245,West,electronics,2025-07-26,94.19,6,10,616.62
938,1764,East,Electronics,2025-07-27,143.3,13,,326.3
939,1896, north ,Office Supplies,2025-07-28,96.09,6,0,496.94
940,1814,North,electronics,2025-07-29,135.84,13,,752.07
941,1127,South,Office Supplies,2025-07-30,152.43,6,0,498.26
942,1311,West,Office Supplies,2025-07-31,92.03,12,15,465.64
943,1700,East,Office Supplies,2025-08-01,111.44,13,0,440.66
944,1888,East,Office Supplies,2025-08-02,78.22,11,15,549.43
945,1289,North, Furn. ,2025-08-03,130.19,9,15,943.15
946,1142,South,electronics,2025-08-04,140.04,11,0,581.63
947,1242,South,Furniture,2025-08-05,112.13,7,0,527.73
948,1765,, Furn. ,2025-08-06,121.63,7,5,76.5
949,1311,, Furn. ,2025-08-07,107.07,12,0,561.47
950,1638,East,electronics,2025-08-08,68.24,3,0,404.3
951,1731,SOUTH,electronics,2025-08-09,127.1,9,10,926.23
952,1381,West, Furn. ,2025-08-10,123.38,1,10,416.27
953,1409,North,Office Supplies,2025-08-11,56.49,4,,415.55
954,1572,West,electronics,2025-08-12,122.91,10,0,820.89
955,1744,West,Furniture,2025-08-13,83.82,14,10,994.23
956,1682,SOUTH,Furniture,2025-08-14,106.57,4,10,647.12
957,1540,West,electronics,2025-08-15,146.12,5,0,489.89
958,1587, north ,Furniture,2025-08-16,131.8,8,15,452.43
959,1330,North,Furniture,2025-08-17,61.42,11,15,896.92
960,1755,, Furn. ,2025-08-18,168.84,10,15,571.55
961,1769,East,Electronics,2025-08-19,144.86,14,,670.42
962,1988,,Electronics,2025-08-20,102.36,10,10,457.62
963,1225, north , Furn. ,2025-08-21,140.46,2,15,672.58
964,1264, north ,Office Supplies,2025-08-22,,5,15,481.52
965,1591,North, Furn. ,2025-08-23,158.5,12,10,612.15
966,1426,East,Electronics,2025-08-24,139.31,5,0,392.46
967,1608,North,Office Supplies,2025-08-25,88.96,2,15,695.65
968,1813,West,Furniture,2025-08-26,119.52,3,15,590.83
969,1799,SOUTH,Office Supplies,2025-08-27,92.52,7,15,467.45
970,1555,North, Furn. ,2025-08-28,62.15,14,,334.16
971,1421,West, Furn. ,2025-08-29,167.94,5,5,859.22
972,1261,South,electronics,2025-08-30,135.41,13,5,501.61
973,1866, north ,Office Supplies,2025-08-31,96.16,6,0,213.46
974,1214,South,Electronics,2025-09-01,,11,5,21.85
975,1332,North,electronics,2025-09-02,68.38,6,5,-42.58
976,1815,West,electronics,2025-09-03,158.15,3,15,445.61
977,1075,West,Furniture,2025-09-04,90.52,11,0,283.54
978,2000, north ,electronics,2025-09-05,104.69,7,0,407.68
979,1563,West,Electronics,2025-09-06,87.73,10,15,587.25
980,1756,East,Furniture,2025-09-07,155.96,4,10,548.1
981,1667, north ,Furniture,2025-09-08,168.66,4,15,698.61
982,1184,North,electronics,2025-09-09,105.94,11,10,590.33
983,1533,North,electronics,2025-09-10,127.57,4,15,283.91
984,1773,South,Office Supplies,2025-09-11,,7,5,650.46
985,1798,South,Electronics,2025-09-12,132.77,4,10,780.25
986,1306,SOUTH,Electronics,2025-09-13,117.55,10,,113.76
987,1448,SOUTH,Office Supplies,2025-09-14,127.44,14,15,486.49
988,1036, north ,Furniture,2025-09-15,169.68,14,5,339.11
989,1294,North,Office Supplies,2025-09-16,111.28,6,15,282.13
990,1427,West,Electronics,2025-09-17,,13,0,507.29
991,1398,,Electronics,2025-09-18,117.04,14,0,617.95
992,1332,West, Furn. ,2025-09-19,101.53,1,5,563.07
993,1986, north ,Electronics,2025-09-20,106.13,2,5,570.19
994,1880,East,Electronics,2025-09-21,40.85,6,5,699.3
995,1785,South,Furniture,2025-09-22,119.52,6,15,427.85
996,1042,SOUTH,Office Supplies,2025-09-23,79.51,12,15,633.92
997,1554,North,Electronics,2025-09-24,110.08,8,15,579.42
998,1037,South,Furniture,2025-09-25,,14,0,551.3
999,1353,East,Furniture,2025-09-26,72.08,11,5,449.08
1000,1477, north ,Electronics,2025-09-27,65.21,14,10,156.75
1001,1000,SOUTH, Furn. ,2025-09-28,81.13,13,10,442.86
1002,1020,,Furniture,2025-09-29,218.11,8,5,779.1
1003,1833,North,Office Supplies,2025-09-30,87.78,11,15,449.99
1004,1019,South, Furn. ,2025-10-01,103.71,14,10,684.83
1005,1468,West,Furniture,2025-10-02,77.25,14,0,334.95
1006,1327,North,Furniture,2025-10-03,133.87,10,0,435.64
1007,1016,SOUTH,Furniture,2025-10-04,137.57,14,0,752.38
1008,1454,South,Office Supplies,2025-10-05,136.59,2,0,361.27
1009,1958,East,Furniture,2025-10-06,161.24,5,15,215.01
1010,1434,North, Furn. ,2025-10-07,147.1,3,15,638.22
1011,1798, north ,Furniture,2025-10-08,133.09,8,5,413.93
1012,1358,West,Office Supplies,2025-10-09,132.63,11,0,630.13
1013,1690,North,Electronics,2025-10-10,132.58,10,0,489.75
1014,1431, north , Furn. ,2025-10-11,108.47,6,5,451.39
1015,1697,, Furn. ,2025-10-12,114.46,12,5,243.8
1016,1168,South, Furn. ,2025-10-13,129.48,7,5,472.95
1017,1805,West,electronics,2025-10-14,127.18,7,0,846.38
1018,1685,SOUTH,electronics,2025-10-15,103.33,12,10,-97.24
1019,1167,West, Furn. ,2025-10-16,88.89,14,,561.43
1020,1449,South,electronics,2025-10-17,151.78,6,,641.28
1021,1641,North, Furn. ,2025-10-18,114.62,2,15,679.15
1022,1619,West,Electronics,2025-10-19,113.63,3,15,682.64
1023,1988,South, Furn. ,2025-10-20,129.14,8,15,684.65
1024,1706,East,Electronics,2025-10-21,109.96,12,5,492.99
1025,1315,SOUTH,Office Supplies,2025-10-22,74.84,7,,443.41
1026,1915, north ,Furniture,2025-10-23,103.57,4,10,937.54
1027,1814,West,Electronics,2025-10-24,145.15,7,5,796.57
1028,1911,,Electronics,2025-10-25,110.1,6,,357.08
1029,1872,East,Furniture,2025-10-26,122.27,8,10,579.8
1030,1616,,Furniture,2025-10-27,146.2,4,15,229.03
1031,1868, north , Furn. ,2025-10-28,103.61,5,5,518.73
1032,1651,,Furniture,2025-10-29,165.07,4,,423.1
1033,1009,West,Furniture,2025-10-30,62.15,4,5,204.2
1034,1474,East,Electronics,2025-10-31,90.74,4,0,459.86
1035,1252,South, Furn. ,2025-11-01,94.37,4,0,547.65
1036,1185,,Furniture,2025-11-02,104.32,3,15,528.61
1037,1768,North,Electronics,2025-11-03,125.35,7,0,497.05
1038,1331,North,Electronics,2025-11-04,150.72,11,5,777.61
1039,1528,North,Furniture,2025-11-05,,9,10,489.05
1040,1707,,Electronics,2025-11-06,110.96,2,15,323.85
1041,1048,East,Office Supplies,2025-11-07,178.28,14,5,289.1
1042,1221,South,Furniture,2025-11-08,94.95,1,15,418.43
1043,1587,North,Office Supplies,2025-11-09,109.76,4,0,609.89
1044,1006,South,Furniture,2025-11-10,130.15,10,10,246.8
1045,1050,North,Electronics,2025-11-11,101.72,12,0,601.04
1046,1033, north , Furn. ,2025-11-12,133.0,4,15,316.82
1047,1694,East,electronics,2025-11-13,,8,0,634.96
1048,1484, north ,Electronics,2025-11-14,169.77,12,10,477.08
1049,1886,,electronics,2025-11-15,138.53,11,15,386.04
1050,1228,,electronics,2025-11-16,133.94,13,,569.74
1051,1960,SOUTH,Office Supplies,2025-11-17,122.03,4,10,678.44
1052,1307,SOUTH,Office Supplies,2025-11-18,78.21,10,,355.52
1053,1471,SOUTH, Furn. ,2025-11-19,111.54,13,0,392.16
1054,1661,SOUTH, Furn. ,2025-11-20,125.53,8,,650.72
1055,1032,East,electronics,2025-11-21,46.18,1,10,349.89
1056,1638,North,Electronics,2025-11-22,117.71,9,5,501.01
1057,1382,North,electronics,2025-11-23,103.4,10,15,618.27
1058,1150, north ,Electronics,2025-11-24,112.43,6,0,459.13
1059,1474,East,electronics,2025-11-25,156.28,6,0,358.56
1060,1958,North, Furn. ,2025-11-26,139.0,14,0,740.14
1061,1771,South,Office Supplies,2025-11-27,67.16,3,10,224.45
1062,1786,South,Electronics,2025-11-28,101.84,2,5,87.18
1063,1720,East,Furniture,2025-11-29,90.27,13,0,404.1
1064,1678,East,Office Supplies,2025-11-30,46.8,12,10,394.75
1065,1161,South,Office Supplies,2025-12-01,47.81,8,5,325.21
1066,1896,East,Office Supplies,2025-12-02,77.01,2,0,733.87
1067,1972,SOUTH, Furn. ,2025-12-03,49.63,7,0,534.87
1068,1678,South,Office Supplies,2025-12-04,98.3,5,15,291.1
1069,1393,South, Furn. ,2025-12-05,81.91,11,15,400.57
1070,1669,East,Office Supplies,2025-12-06,,3,0,936.63
1071,1759,,Office Supplies,2025-12-07,117.96,5,15,588.65
1072,1568,East,Electronics,2025-12-08,133.48,13,5,691.56
1073,1071,West,Electronics,2025-12-09,122.42,6,15,104.89
1074,1686,West,Office Supplies,2025-12-10,,14,0,384.41
1075,1618,East, Furn. ,2025-12-11,104.64,4,10,339.81
1076,1248,,Office Supplies,2025-12-12,111.27,5,15,560.89
1077,1697,North,Furniture,2025-12-13,157.16,7,5,261.75
1078,1334, north ,Furniture,2025-12-14,107.55,1,10,678.51
1079,1192,North,Office Supplies,2025-12-15,67.03,9,15,387.18
1080,1574,East, Furn. ,2025-12-16,142.73,12,0,478.02
1081,1733,East,Furniture,2025-12-17,167.85,9,5,793.36
1082,1346,,Electronics,2025-12-18,183.96,6,5,121.23
1083,1063,North,electronics,2025-12-19,118.94,6,0,366.54
1084,1070,, Furn. ,2025-12-20,100.86,4,10,441.24
1085,1538,SOUTH,electronics,2025-12-21,83.87,3,10,581.85
1086,1417,North,Furniture,2025-12-22,105.47,14,0,484.39
1087,1431, north ,Electronics,2025-12-23,168.67,13,10,581.14
1088,1975,North, Furn. ,2025-12-24,112.74,4,10,326.96
1089,1355,North,Office Supplies,2025-12-25,135.37,3,10,55.76
1090,1917,East,electronics,2025-12-26,108.45,7,0,702.56
1091,1630,SOUTH,electronics,2025-12-27,107.97,7,10,624.61
1092,1771,SOUTH,Office Supplies,2025-12-28,135.01,4,5,573.02
1093,1698,SOUTH, Furn. ,2025-12-29,122.65,13,5,649.44
1094,1093,SOUTH,Office Supplies,2025-12-30,139.44,8,15,221.19
1095,1064,,Office Supplies,2025-12-31,85.02,5,,703.81
1096,1703,North, Furn. ,2026-01-01,93.4,4,5,487.65
1097,1876,North,Furniture,2026-01-02,189.29,4,15,404.85
1098,1435,South, Furn. ,2026-01-03,153.97,3,15,302.9
1099,1596, north ,Office Supplies,2026-01-04,96.48,14,15,505.68
1100,1788, north ,Office Supplies,2026-01-05,108.93,1,5,871.63
1101,1189,West, Furn. ,2026-01-06,77.56,5,5,520.3
1102,1555,SOUTH,electronics,2026-01-07,143.35,6,0,542.03
1103,1708,West, Furn. ,2026-01-08,38.05,9,0,580.3
1104,1956,North,electronics,2026-01-09,,10,10,472.4
1105,1753,South,Furniture,2026-01-10,,10,0,625.72
1106,1675, north ,electronics,2026-01-11,69.29,9,0,743.46
1107,1855,South,electronics,2026-01-12,67.87,2,0,689.97
1108,1718,North,electronics,2026-01-13,108.51,3,5,543.98
1109,1699,West,Electronics,2026-01-14,105.55,7,10,509.59
1110,1505,East,Electronics,2026-01-15,73.48,2,5,499.25
1111,1298,West,electronics,2026-01-16,85.78,11,15,815.94
1112,1619,West,Electronics,2026-01-17,102.3,9,5,403.62
1113,1771,East,electronics,2026-01-18,181.56,13,5,717.54
1114,1191,West,electronics,2026-01-19,39.42,3,15,340.59
1115,1495, north ,Office Supplies,2026-01-20,161.07,6,0,697.99
1116,1767,East,electronics,2026-01-21,156.44,13,5,636.49
1117,1424,West,Office Supplies,2026-01-22,144.2,14,5,677.67
1118,1723,West,electronics,2026-01-23,91.59,6,15,631.05
1119,1805,East, Furn. ,2026-01-24,119.69,5,10,156.49
1120,1092,, Furn. ,2026-01-25,123.42,3,5,570.03
1121,1455,South, Furn. ,2026-01-26,,4,10,433.66
1122,1456,SOUTH,Office Supplies,2026-01-27,100.62,9,0,206.29
1123,1829,West,Furniture,2026-01-28,83.21,2,5,622.97
1124,1917,West,Electronics,2026-01-29,170.17,13,,521.67
1125,1543,,Furniture,2026-01-30,78.31,3,,339.49
1126,1649,East,Office Supplies,2026-01-31,148.04,9,0,458.3
1127,1035,North,Electronics,2026-02-01,,3,5,182.49
1128,1517,North,electronics,2026-02-02,115.31,3,10,807.83
1129,1506,South,Electronics,2026-02-03,117.07,4,0,267.53
1130,1200,SOUTH,Office Supplies,2026-02-04,98.94,10,5,479.48
1131,1089,East,Office Supplies,2026-02-05,,14,,164.15
1132,1978,SOUTH, Furn. ,2026-02-06,90.89,5,5,749.66
1133,1731,South,Electronics,2026-02-07,102.95,6,0,330.19
1134,1159, north ,Office Supplies,2026-02-08,,10,0,314.97
1135,1901,SOUTH,Electronics,2026-02-09,99.28,12,10,508.83
1136,1531,SOUTH,electronics,2026-02-10,113.89,8,0,832.75
1137,1838,South,electronics,2026-02-11,101.21,3,0,925.34
1138,1856,,Office Supplies,2026-02-12,103.32,4,0,114.87
1139,1939,West,Office Supplies,2026-02-13,,10,5,120.11
1140,1220, north ,Office Supplies,2026-02-14,171.89,8,15,261.86
1141,1185,SOUTH, Furn. ,2026-02-15,120.31,1,10,752.17
1142,1292,South,Office Supplies,2026-02-16,143.31,8,15,458.19
1143,1130,,Office Supplies,2026-02-17,130.06,9,,330.81
1144,1697,SOUTH,Electronics,2026-02-18,99.47,2,15,738.9
1145,1572,North,Furniture,2026-02-19,106.63,13,15,820.6
1146,1594,SOUTH,Furniture,2026-02-20,149.97,12,0,674.91
1147,1137,,Electronics,2026-02-21,66.57,4,10,483.66
1148,1137, north ,Office Supplies,2026-02-22,75.05,12,,710.04
1149,1631,, Furn. ,2026-02-23,130.62,7,10,-100.59
1150,1995,East,Electronics,2026-02-24,91.58,3,10,283.62
1151,1795,East,Office Supplies,2026-02-25,62.84,11,0,213.47
1152,1466, north ,Furniture,2026-02-26,84.48,9,10,343.4
1153,1651,East,Electronics,2026-02-27,97.91,9,15,412.77
1154,1884,SOUTH, Furn. ,2026-02-28,193.4,6,5,223.34
1155,1015,, Furn. ,2026-03-01,178.33,5,0,500.52
1156,1093,,Furniture,2026-03-02,161.35,2,5,628.08
1157,1666, north , Furn. ,2026-03-03,141.9,5,0,629.19
1158,1129,North,Electronics,2026-03-04,56.49,10,15,638.06
1159,1237,,electronics,2026-03-05,142.96,8,5,349.63
1160,1996,North, Furn. ,2026-03-06,74.81,4,5,356.94
1161,1468,East,Electronics,2026-03-07,161.75,7,10,574.73
1162,1726,South, Furn. ,2026-03-08,181.96,1,5,192.92
1163,1696,North,electronics,2026-03-09,110.31,2,15,151.49
1164,1474,East,Furniture,2026-03-10,113.97,12,10,610.52
1165,1851,South,electronics,2026-03-11,206.8,9,10,521.1
1166,1425,SOUTH,electronics,2026-03-12,91.12,6,10,723.29
1167,1180,West,Office Supplies,2026-03-13,169.96,3,15,795.25
1168,1681,South,electronics,2026-03-14,,8,10,329.27
1169,1283,East,Electronics,2026-03-15,99.39,14,0,331.23
1170,1713,South,electronics,2026-03-16,121.85,3,10,89.68
1171,1886, north ,electronics,2026-03-17,,11,0,510.49
1172,1831,,Furniture,2026-03-18,134.28,3,0,826.27
1173,1192,,Furniture,2026-03-19,109.57,1,,421.98
1174,1143,South,Electronics,2026-03-20,115.43,7,10,615.91
1175,1766, north ,Electronics,2026-03-21,116.24,1,0,403.67
1176,1871,West,Electronics,2026-03-22,191.37,3,5,474.77
1177,1735,SOUTH,Electronics,2026-03-23,143.72,4,15,484.7
1178,1817,SOUTH, Furn. ,2026-03-24,179.47,6,10,385.56
1179,1501,SOUTH,Electronics,2026-03-25,126.09,4,15,490.78
1180,1319,,Furniture,2026-03-26,81.31,11,10,388.72
1181,1799,North,electronics,2026-03-27,135.27,8,5,171.25
1182,1031,SOUTH, Furn. ,2026-03-28,114.28,3,15,821.97
1183,1611,,Furniture,2026-03-29,157.09,13,5,249.99
1184,1796,South, Furn. ,2026-03-30,105.05,5,5,643.01
1185,1305,SOUTH,Electronics,2026-03-31,108.63,1,10,81.0
1186,1888,East,Electronics,2026-04-01,172.77,9,0,240.7
1187,1224, north ,electronics,2026-04-02,145.34,3,10,528.66
1188,1000,West,Electronics,2026-04-03,138.97,7,5,237.6
1189,1306,North, Furn. ,2026-04-04,,9,5,629.87
1190,1041,West,Electronics,2026-04-05,122.74,10,5,741.81
1191,1080,South,Electronics,2026-04-06,24.5,10,,1063.55
1192,1723,East,Electronics,2026-04-07,178.84,10,10,414.88
1193,1403, north ,Electronics,2026-04-08,112.05,14,0,337.5
1194,1406,,Electronics,2026-04-09,155.21,7,10,483.36
1195,1985, north ,Furniture,2026-04-10,,5,5,530.89
1196,1975,North, Furn. ,2026-04-11,164.97,14,0,650.59
1197,1193,North,Office Supplies,2026-04-12,,13,0,608.83
1198,1581,South,Office Supplies,2026-04-13,125.41,4,15,501.93
1199,1972,West,electronics,2026-04-14,157.8,10,15,39.05
1200,1562,East,electronics,2026-04-15,145.29,10,15,573.22
1,1500,North,Electronics,2023-01-02,120.0,5,10,520.0
2,1500,North,Electronics,2023-01-03,120.0,5,10,520.0
3,1500,North,Electronics,2023-01-04,120.0,5,10,520.0
4,1500,North,Electronics,2023-01-05,120.0,5,10,520.0
5,1500,North,Electronics,2023-01-06,120.0,5,10,520.0
6,1500,North,Electronics,2023-01-07,120.0,5,10,520.0
7,1500,North,Electronics,2023-01-08,120.0,5,10,520.0
8,1500,North,Electronics,2023-01-09,120.0,5,10,520.0
9,1500,North,Electronics,2023-01-10,120.0,5,10,520.0
10,1500,North,Electronics,2023-01-11,120.0,5,10,520.0
11,1500,North,Electronics,2023-01-12,120.0,5,10,520.0
12,1500,North,Electronics,2023-01-13,120.0,5,10,520.0
13,1500,North,Electronics,2023-01-14,120.0,5,10,520.0
14,1500,North,Electronics,2023-01-15,120.0,5,10,520.0
15,1500,North,Electronics,2023-01-16,120.0,5,10,520.0
16,1500,North,Electronics,2023-01-17,120.0,5,10,520.0
17,1500,North,Electronics,2023-01-18,120.0,5,10,520.0
18,1500,North,Electronics,2023-01-19,120.0,5,10,520.0
19,1500,North,Electronics,2023-01-20,120.0,5,10,520.0
20,1500,North,Electronics,2023-01-21,120.0,5,10,520.0
21,1500,North,Electronics,2023-01-22,120.0,5,10,520.0
22,1500,North,Electronics,2023-01-23,120.0,5,10,520.0
23,1500,North,Electronics,2023-01-24,120.0,5,10,520.0
24,1500,North,Electronics,2023-01-25,120.0,5,10,520.0
25,1500,North,Electronics,2023-01-26,120.0,5,10,520.0
